草莓,http://baike.baidu.com/link?url=spcfg0vbVMvaDUBGkbV1wh4a_VlgQ2294zI3WNNE4qPDsy0IAOUj-3k3ezTBOI27allWLBjJMsjbm_r90uiVDFoX2ZZ2Gqw8h-X2k5F2lo7,,,
荔枝,http://baike.baidu.com/link?url=5ETWjkO2lkpvSXTUaRYl6IdMiuiaLLQFqq3muAJRRDOzoRgBdlW9M7kqQRgOdTWFe6Oog0NPj8PdgU1MDobjrhXcyvnlwVDN-ihEf4tibmS,,,
梨,http://baike.baidu.com/item/%E6%A2%A8/11871?sefr=cr,,,
苹果,http://baike.baidu.com/link?url=kSKuMWGmDFAEZmFoi9Bcnq2PYVuhmLOq1qCNeJA611YlSIDgXKzxfwRAzUm5Lyke4L2QpQyYeRIyG1NsUY8xQa,,,
香蕉,http://baike.baidu.com/item/%E9%A6%99%E8%95%89/150475?sefr=enterbtn,,,
柑桔,http://baike.baidu.com/item/%E6%9F%91%E6%A9%98/55204?fromtitle=%E6%9F%91%E6%A1%94&fromid=2126091&type=syn&sefr=cr,,,
橙,http://baike.baidu.com/item/%E6%A9%99%E5%AD%90/237?sefr=cr,,,
柠檬,http://baike.baidu.com/item/%E6%9F%A0%E6%AA%AC/1067?sefr=cr,,,
葡萄,http://baike.baidu.com/item/%E8%91%A1%E8%90%84/1116?sefr=cr,,,
芒果,http://baike.baidu.com/item/%E8%8A%92%E6%9E%9C/31490?sefr=cr,,,
提子,http://baike.baidu.com/item/%E6%8F%90%E5%AD%90/53914?sefr=cr,,,
菠萝,http://baike.baidu.com/item/%E5%87%A4%E6%A2%A8?fromtitle=%E8%8F%A0%E8%90%9D&fromid=220259&type=syn&sefr=cr,,,
柚子,http://baike.baidu.com/item/%E6%9F%9A%E5%AD%90/1049?sefr=cr,,,
猕猴桃,http://baike.baidu.com/item/%E7%8C%95%E7%8C%B4%E6%A1%83/282710?sefr=cr,,,
甜瓜,http://baike.baidu.com/item/%E7%94%9C%E7%93%9C/2771789,,,
西瓜,http://baike.baidu.com/item/%E8%A5%BF%E7%93%9C/333718?sefr=cr,,,
哈密瓜,http://baike.baidu.com/item/%E5%93%88%E5%AF%86%E7%93%9C/431545?sefr=cr,,,
桃,http://baike.baidu.com/item/%E6%A1%83/64247?sefr=cr,,,
桔,http://baike.baidu.com/item/%E6%A9%98%E5%AD%90/71287?sefr=cr,,,
柑,http://baike.baidu.com/item/%E6%9F%91?sefr=cr,,,
金桔,http://baike.baidu.com/item/%E9%87%91%E6%A1%94?sefr=cr,,,
李子,http://baike.baidu.com/item/%E6%9D%8E%E5%AD%90/18850?sefr=cr,,,
杏,http://baike.baidu.com/item/%E6%9D%8F%E6%9E%9C?sefr=cr,,,
圣女果,http://baike.baidu.com/item/%E5%9C%A3%E5%A5%B3%E6%9E%9C?sefr=enterbtn,,,
樱桃,http://baike.baidu.com/item/%E6%A8%B1%E6%A1%83/338?sefr=cr,,,
龙眼,http://baike.baidu.com/item/%E9%BE%99%E7%9C%BC/39025?sefr=cr,,,
甘蔗,http://baike.baidu.com/item/%E7%94%98%E8%94%97/1074?sefr=cr,,,
山竹,http://baike.baidu.com/item/%E8%8E%BD%E5%90%89%E6%9F%BF/1061550?sefr=cr&fromtitle=%E5%B1%B1%E7%AB%B9&fromid=221691,,,
杨桃,http://baike.baidu.com/item/%E9%98%B3%E6%A1%83/3149081?sefr=cr&fromtitle=%E6%9D%A8%E6%A1%83&fromid=63797,,,
杨梅,http://baike.baidu.com/item/%E6%9D%A8%E6%A2%85/899?sefr=cr,,,
无花果,http://baike.baidu.com/item/%E6%97%A0%E8%8A%B1%E6%9E%9C/447?sefr=cr,,,
黄金瓜,http://baike.baidu.com/item/%E9%BB%84%E9%87%91%E7%93%9C?sefr=cr,,,
黄桃,http://baike.baidu.com/item/%E9%BB%84%E6%A1%83?sefr=cr,,,
毛桃,http://baike.baidu.com/item/%E6%AF%9B%E6%A1%83?sefr=cr,,,
榴莲,http://baike.baidu.com/item/%E6%A6%B4%E8%8E%B2/221083?sefr=cr,,,
柿子,http://baike.baidu.com/item/%E6%9F%BF%E5%AD%90/62552?sefr=cr,,,
人参果,http://baike.baidu.com/item/%E4%BA%BA%E5%8F%82%E6%9E%9C/1086?sefr=cr,,,
木瓜,http://baike.baidu.com/item/%E6%9C%A8%E7%93%9C/176?sefr=cr,,,
石榴,http://baike.baidu.com/item/%E7%9F%B3%E6%A6%B4/17869?sefr=cr,,,
冬枣,http://baike.baidu.com/item/%E5%86%AC%E6%9E%A3?sefr=cr,,,
枇杷,http://baike.baidu.com/item/%E6%9E%87%E6%9D%B7/103964?sefr=cr,,,
山楂,http://baike.baidu.com/item/%E5%B1%B1%E6%A5%82/200032?sefr=cr,,,
番石榴,http://baike.baidu.com/item/%E7%95%AA%E7%9F%B3%E6%A6%B4/899735?sefr=cr,,,
橄榄,http://baike.baidu.com/item/%E6%A9%84%E6%A6%84?sefr=cr,,,
香瓜,http://baike.baidu.com/item/%E9%A6%99%E7%93%9C?sefr=cr,,,
椰子,http://baike.baidu.com/item/%E6%A4%B0%E5%AD%90/68499?sefr=cr,,,
蓝莓,http://baike.baidu.com/item/%E8%93%9D%E8%8E%93/6401?sefr=cr,,,
槟榔,http://baike.baidu.com/item/%E6%A7%9F%E6%A6%94/584134?sefr=cr,,,
灯笼果,http://baike.baidu.com/item/%E7%81%AF%E7%AC%BC%E6%9E%9C/1318064?sefr=cr,,,
桑葚,http://baike.baidu.com/item/%E6%A1%91%E8%91%9A?sefr=cr,,,
乌梅,http://baike.baidu.com/item/%E4%B9%8C%E6%A2%85?sefr=cr,,,
百香果,http://baike.baidu.com/item/%E9%B8%A1%E8%9B%8B%E6%9E%9C/3079268?sefr=cr&fromtitle=%E7%99%BE%E9%A6%99%E6%9E%9C&fromid=1484850,,,
梅子,http://baike.baidu.com/item/%E6%A2%85%E5%AD%90/4294?sefr=cr,,,
羊奶果,http://baike.baidu.com/item/%E7%BE%8A%E5%A5%B6%E6%9E%9C/2103868?sefr=cr,,,
红枣,http://baike.baidu.com/item/%E7%BA%A2%E6%9E%A3?sefr=cr,,,
牛油果,http://baike.baidu.com/item/%E7%89%9B%E6%B2%B9%E6%9E%9C?sefr=cr,,,
神秘果,http://baike.baidu.com/item/%E7%A5%9E%E7%A7%98%E6%9E%9C?sefr=cr,,,
释迦果,http://baike.baidu.com/item/%E7%95%AA%E8%8D%94%E6%9E%9D/16760?fromtitle=%E9%87%8A%E8%BF%A6%E6%9E%9C&fromid=7028294&type=syn&sefr=cr,,,
雪莲果,http://baike.baidu.com/item/%E9%9B%AA%E8%8E%B2%E6%9E%9C?sefr=cr,,,
荸荠,http://baike.baidu.com/item/%E8%8D%B8%E8%8D%A0/454028?sefr=cr,,,
丑橘,http://baike.baidu.com/item/%E4%B8%91%E6%A9%98?sefr=cr,,,
八月瓜,http://baike.baidu.com/item/%E9%87%8E%E9%A6%99%E8%95%89?fromtitle=%E5%85%AB%E6%9C%88%E7%93%9C&fromid=4398388&type=syn&sefr=cr,,,
含羞果,http://baike.baidu.com/item/%E9%85%B8%E6%B5%86/838355?fromtitle=%E5%90%AB%E7%BE%9E%E6%9E%9C&fromid=8160979&type=syn&sefr=cr,,,
猫屎瓜,http://baike.baidu.com/item/%E7%8C%AB%E5%84%BF%E5%B1%8E?fromtitle=%E7%8C%AB%E5%B1%8E%E7%93%9C&fromid=3858736&type=syn&sefr=cr,,,
刺角瓜,http://baike.baidu.com/item/%E5%88%BA%E8%A7%92%E7%93%9C?sefr=cr,,,
红树莓,http://baike.baidu.com/item/%E7%BA%A2%E6%A0%91%E8%8E%93/6951289?sefr=cr,,,
金星果,http://baike.baidu.com/item/%E9%87%91%E6%98%9F%E6%9E%9C?sefr=cr,,,
青枣,http://baike.baidu.com/item/%E9%9D%92%E6%9E%A3?sefr=cr,,,
西番莲,http://baike.baidu.com/item/%E8%A5%BF%E7%95%AA%E8%8E%B2/49048?sefr=cr,,,
芭蕉,http://baike.baidu.com/item/%E8%8A%AD%E8%95%89/98227?sefr=cr,,,
海棠,http://baike.baidu.com/item/%E6%B5%B7%E6%A3%A0/546?sefr=cr,,,
油桃,http://baike.baidu.com/item/%E6%B2%B9%E6%A1%83?sefr=cr,,,
菠萝蜜,http://baike.baidu.com/item/%E8%8F%A0%E8%90%9D%E8%9C%9C?sefr=cr,,,
沙棘果,http://baike.baidu.com/item/%E6%B2%99%E6%A3%98%E6%9E%9C?sefr=cr,,,